iter	MAE
0	2304.638586
1	2271.92727
2	2248.61041
3	2218.267447
4	2191.00006
5	2160.43097
6	2141.083556
7	2115.995781
8	2091.656367
9	2074.772004
10	2060.049093
11	2043.614276
12	2027.77356
13	2012.4041
14	1997.575509
15	1983.143319
16	1969.131971
17	1954.908123
18	1948.213342
19	1939.053893
20	1932.776109
21	1924.088621
22	1915.674397
23	1907.494787
24	1899.582468
25	1891.901067
26	1884.437548
27	1879.403451
28	1872.453231
29	1865.711077
30	1861.215895
31	1856.830436
32	1850.573733
33	1843.449693
34	1837.550201
35	1833.707103
36	1828.198229
37	1822.869384
38	1817.700416
39	1812.674439
40	1807.80052
41	1803.083287
42	1798.501891
43	1794.048501
44	1789.743413
45	1785.689552
46	1781.746473
47	1777.974406
48	1774.218987
49	1770.580657
50	1767.050225
51	1764.805091
52	1761.425651
53	1759.561556
54	1757.74849
55	1755.30763
56	1752.943403
57	1751.287666
58	1748.488875
59	1745.769541
60	1743.658235
61	1742.195743
62	1740.77494
63	1738.816858
64	1736.939408
65	1735.693713
66	1733.934393
67	1732.889368
68	1731.871518
69	1730.887818
70	1729.39648
71	1728.465036
72	1727.562179
73	1726.684857
74	1725.839987
75	1725.021291
76	1723.91564
77	1722.798834
78	1721.719386
79	1721.296124
80	1720.263217
81	1719.871341
82	1718.909967
83	1717.969948
84	1717.063836
85	1716.180922
86	1715.332936
87	1715.030855
88	1714.261103
89	1714.0135
90	1713.773818
91	1713.038778
92	1712.725261
93	1711.979381
94	1711.258163
95	1710.555311
96	1710.337464
97	1709.680426
98	1709.028973
99	1708.386356
100	1707.766266
101	1707.18836
102	1706.640446
103	1706.07108
104	1705.558471
105	1705.022609
106	1704.536809
107	1704.027372
108	1703.536751
109	1703.06398
110	1702.638734
111	1702.232146
112	1701.833785
113	1701.452899
114	1701.345502
115	1700.975643
116	1700.611805
117	1700.511759
118	1700.163527
119	1700.069591
120	1699.740892
121	1699.421419
122	1699.112051
123	1699.028712
124	1698.729343
125	1698.436053
126	1698.150665
127	1697.87532
128	1697.607872
129	1697.350468
130	1697.102165
131	1696.906395
132	1696.670581
133	1696.441446
134	1696.221638
135	1696.003251
136	1695.793703
137	1695.74265
138	1695.542281
139	1695.491289
140	1695.298767
141	1695.237822
142	1695.054413
143	1694.874973
144	1694.701079
145	1694.529814
146	1694.366504
147	1694.206534
148	1694.051875
149	1693.902057
150	1693.756219
151	1693.613282
152	1693.581029
153	1693.445001
154	1693.311931
155	1693.184663
156	1693.060367
157	1693.030285
158	1692.910188
159	1692.790747
160	1692.760945
161	1692.648278
162	1692.540339
163	1692.517294
164	1692.413485
165	1692.312778
166	1692.215958
167	1692.119279
168	1692.027909
169	1691.937705
170	1691.871236
171	1691.785628
172	1691.702979
173	1691.623517
174	1691.544603
175	1691.469332
176	1691.395813
177	1691.323826
178	1691.253931
179	1691.187849
180	1691.122609
181	1691.056972
182	1690.995224
183	1690.93652
184	1690.8795
185	1690.824115
186	1690.7693
187	1690.71722
188	1690.665876
189	1690.654861
190	1690.605926
191	1690.55767
192	1690.54813
193	1690.502868
194	1690.458759
195	1690.415904
196	1690.373328
197	1690.332757
198	1690.29409
199	1690.285694
200	1690.247288
201	1690.240074
202	1690.202747
203	1690.19571
204	1690.1591
205	1690.123628
206	1690.09053
207	1690.058649
208	1690.026866
209	1690.002962
210	1689.973349
211	1689.964965
212	1689.935519
213	1689.908179
214	1689.881636
215	1689.873951
216	1689.847445
217	1689.820082
218	1689.795802
219	1689.772154
220	1689.749354
221	1689.727205
222	1689.705383
223	1689.684506
224	1689.664064
225	1689.644234
226	1689.640665
227	1689.620986
228	1689.602829
229	1689.584885
230	1689.57064
231	1689.552256
232	1689.535301
233	1689.517983
234	1689.502271
235	1689.487468
236	1689.472885
237	1689.458635
238	1689.447783
239	1689.43176
240	1689.418265
241	1689.416125
242	1689.403853
243	1689.391572
244	1689.379851
245	1689.3686
246	1689.357498
247	1689.346209
248	1689.335279
249	1689.323753
250	1689.313833
251	1689.304266
252	1689.29497
253	1689.28556
254	1689.276957
255	1689.268055
256	1689.259642
257	1689.249248
258	1689.239594
259	1689.232052
260	1689.230553
261	1689.222802
262	1689.215707
263	1689.208527
264	1689.202019
265	1689.195357
266	1689.188869
267	1689.182991
268	1689.174597
269	1689.168916
270	1689.164947
271	1689.159724
272	1689.154105
273	1689.150293
274	1689.143962
275	1689.139061
276	1689.13434
277	1689.130713
278	1689.125929
279	1689.121289
280	1689.116661
281	1689.112254
282	1689.108214
283	1689.104406
284	1689.102952
285	1689.098933
286	1689.094414
287	1689.090624
288	1689.088095
289	1689.084856
290	1689.081634
291	1689.076185
292	1689.073116
293	1689.069972
294	1689.066894
295	1689.064522
296	1689.0637
297	1689.058648
298	1689.055933
299	1689.053138
300	1689.050432
301	1689.048007
302	1689.045031
303	1689.044113
304	1689.0418
305	1689.039628
306	1689.037296
307	1689.035028
308	1689.032873
309	1689.03096
310	1689.030312
311	1689.026491
312	1689.026205
313	1689.024406
314	1689.024174
315	1689.022218
316	1689.020345
317	1689.018452
318	1689.016682
319	1689.01514
320	1689.013583
321	1689.013022
322	1689.011209
323	1689.009759
324	1689.008171
325	1689.006805
326	1689.003194
327	1689.00179
328	1689.000566
329	1688.999342
330	1688.996882
331	1688.993835
332	1688.992782
333	1688.991772
334	1688.990804
335	1688.989642
336	1688.988521
337	1688.985231
338	1688.984329
339	1688.983299
340	1688.982417
341	1688.981443
342	1688.981336
343	1688.98055
344	1688.979556
345	1688.979022
346	1688.978289
347	1688.977539
348	1688.976995
349	1688.976246
350	1688.975316
351	1688.974532
352	1688.973886
353	1688.973136
354	1688.972426
355	1688.972202
356	1688.97193
357	1688.971329
358	1688.970784
359	1688.970256
360	1688.969714
361	1688.969102
362	1688.968356
363	1688.967854
364	1688.967107
365	1688.966605
366	1688.966074
367	1688.966018
368	1688.965574
369	1688.965062
370	1688.964575
371	1688.964534
372	1688.964153
373	1688.96376
374	1688.963373
375	1688.963001
376	1688.962966
377	1688.962528
378	1688.962048
379	1688.961574
380	1688.961236
381	1688.960773
382	1688.960662
383	1688.960345
384	1688.960059
385	1688.95971
386	1688.959423
387	1688.959317
388	1688.957722
389	1688.957463
390	1688.955077
391	1688.954818
392	1688.954796
393	1688.95451
394	1688.954096
395	1688.953691
396	1688.953483
397	1688.953216
398	1688.951665
399	1688.951194
400	1688.950947
401	1688.950748
402	1688.950434
403	1688.950205
404	1688.948813
405	1688.948457
406	1688.948202
407	1688.947991
408	1688.946397
409	1688.945937
410	1688.945746
411	1688.945477
412	1688.944541
413	1688.942603
414	1688.942482
415	1688.94235
416	1688.94234
417	1688.942164
418	1688.941973
419	1688.941812
420	1688.941654
421	1688.941503
422	1688.940184
423	1688.940073
424	1688.939933
425	1688.937988
426	1688.937847
427	1688.937839
428	1688.93771
429	1688.937582
430	1688.937494
431	1688.937373
432	1688.936525
433	1688.936411
434	1688.935282
435	1688.935134
436	1688.933251
437	1688.933065
438	1688.932988
439	1688.932835
440	1688.932739
441	1688.931653
442	1688.931585
443	1688.931489
444	1688.931424
445	1688.931361
446	1688.931203
447	1688.931144
448	1688.931066
449	1688.930917
450	1688.927816
451	1688.927087
452	1688.926547
453	1688.925558
454	1688.925491
455	1688.925411
456	1688.924464
457	1688.924401
458	1688.922586
459	1688.922518
460	1688.922461
461	1688.921548
462	1688.920411
463	1688.919551
464	1688.919514
465	1688.919462
466	1688.919426
467	1688.919423
468	1688.919375
469	1688.919347
470	1688.919301
471	1688.918472
472	1688.918427
473	1688.918398
474	1688.918176
475	1688.917376
476	1688.917349
477	1688.916487
478	1688.915733
479	1688.915542
480	1688.915505
481	1688.91547
482	1688.915435
483	1688.914707
484	1688.914685
485	1688.914664
486	1688.914633
487	1688.914571
488	1688.913852
489	1688.91117
490	1688.911141
491	1688.910478
492	1688.910461
493	1688.909716
494	1688.908844
495	1688.90824
496	1688.908214
497	1688.90819
498	1688.907604
499	1688.906937
500	1688.906385
501	1688.906362
502	1688.906349
503	1688.906332
504	1688.906311
505	1688.905777
506	1688.905757
507	1688.905124
508	1688.905105
509	1688.904472
510	1688.904454
511	1688.903968
512	1688.903017
513	1688.902999
514	1688.902982
515	1688.902261
516	1688.901818
517	1688.901388
518	1688.900971
519	1688.900955
520	1688.900947
521	1688.900932
522	1688.900843
523	1688.900356
524	1688.899964
525	1688.899584
526	1688.899571
527	1688.899558
528	1688.899545
529	1688.899177
530	1688.89882
531	1688.898467
532	1688.898456
533	1688.89812
534	1688.898109
535	1688.898098
536	1688.897772
537	1688.897456
538	1688.897144
539	1688.897139
540	1688.897134
541	1688.897125
542	1688.897116
543	1688.897111
544	1688.89703
545	1688.897022
546	1688.896726
547	1688.896438
548	1688.896431
549	1688.896152
550	1688.896148
551	1688.895807
552	1688.895732
553	1688.895725
554	1688.895718
555	1688.895712
556	1688.895621
557	1688.895618
558	1688.895549
559	1688.895196
560	1688.89519
561	1688.894936
562	1688.870313
563	1687.651928
564	1686.472361
565	1686.434043
566	1685.285406
567	1685.24934
568	1684.117858
569	1684.097676
570	1683.017902
571	1682.999067
572	1681.958414
573	1681.92782
574	1681.910433
575	1680.900366
576	1679.902059
577	1678.949156
578	1678.92233
579	1678.001163
580	1677.975641
581	1677.075146
582	1676.19949
583	1675.356367
584	1675.343154
585	1675.32115
586	1674.513313
587	1673.718515
588	1673.698307
589	1673.686639
590	1672.918339
591	1672.911819
592	1672.89328
593	1672.882489
594	1672.872472
595	1672.127785
596	1672.11099
597	1672.094695
598	1671.37052
599	1671.361352
600	1670.662052
601	1670.647333
602	1670.632355
603	1670.627911
604	1669.956096
605	1669.942692
606	1669.938678
607	1669.280006
608	1668.64327
609	1668.023779
610	1668.016745
611	1667.423296
612	1667.411987
613	1666.834686
614	1666.271505
615	1666.260638
616	1665.717756
617	1665.191161
618	1665.181378
619	1664.671063
620	1664.165953
621	1664.1574
622	1663.672045
623	1663.667584
624	1663.202014
625	1662.750745
626	1662.314941
627	1662.310936
628	1662.303188
629	1662.296109
630	1662.28948
631	1661.867605
632	1661.863857
633	1661.450079
634	1661.050064
635	1661.044212
636	1661.038535
637	1660.64841
638	1660.645292
639	1660.639398
640	1660.263609
641	1660.258681
642	1660.253505
643	1659.889084
644	1659.538435
645	1659.194573
646	1659.193286
647	1658.853954
648	1658.534093
649	1658.53209
650	1658.214852
651	1657.913938
652	1657.910289
653	1657.618511
654	1657.335487
655	1657.054031
656	1656.787721
657	1656.529401
658	1656.272514
659	1656.270941
660	1656.025571
661	1655.789838
662	1655.78701
663	1655.784238
664	1655.555741
665	1655.554037
666	1655.330146
667	1655.106923
668	1654.892624
669	1654.690349
670	1654.494142
671	1654.301736
672	1654.1115
673	1654.109459
674	1653.928756
675	1653.926538
676	1653.924371
677	1653.750838
678	1653.749878
679	1653.748974
680	1653.578738
681	1653.4155
682	1653.249828
683	1653.094008
684	1652.943136
685	1652.941352
686	1652.795089
687	1652.653247
688	1652.652784
689	1652.651575
690	1652.650515
691	1652.511188
692	1652.510135
693	1652.375674
694	1652.24074
695	1652.240286
696	1652.109053
697	1652.107795
698	1651.979055
699	1651.854426
700	1651.741093
701	1651.740597
702	1651.630689
703	1651.630227
704	1651.629783
705	1651.629367
706	1651.516381
707	1651.411662
708	1651.411196
709	1651.304975
710	1651.304519
711	1651.201244
712	1651.101066
713	1651.009536
714	1650.920753
715	1650.920405
716	1650.920006
717	1650.828205
718	1650.739186
719	1650.738865
720	1650.652526
721	1650.569516
722	1650.486772
723	1650.408557
724	1650.335258
725	1650.265332
726	1650.2646
727	1650.195499
728	1650.129715
729	1650.064705
730	1650.001645
731	1649.916206
732	1649.915943
733	1649.856579
734	1649.799965
735	1649.740017
736	1649.739784
737	1649.681531
738	1649.629072
739	1649.628852
740	1649.628578
741	1649.628313
742	1649.577195
743	1649.576867
744	1649.576623
745	1649.527945
746	1649.475785
747	1649.430272
748	1649.430051
749	1649.379788
750	1649.3794
751	1649.334741
752	1649.334559
753	1649.291363
754	1649.291172
755	1649.290895
756	1649.249894
757	1649.249639
758	1649.249246
759	1649.249086
760	1649.207988
761	1649.163997
762	1649.163256
763	1649.124705
764	1649.088858
765	1649.053532
766	1649.019069
767	1649.018615
768	1648.985935
769	1648.953763
770	1648.953332
771	1648.921266
772	1648.891432
773	1648.861879
774	1648.830851
775	1648.80355
776	1648.777117
777	1648.750796
778	1648.725924
779	1648.701152
780	1648.677329
781	1648.654621
782	1648.632325
783	1648.610947
784	1648.590273
785	1648.570207
786	1648.550773
787	1648.531923
788	1648.513638
789	1648.495734
790	1648.478443
791	1648.461669
792	1648.445469
793	1648.429764
794	1648.41453
795	1648.399753
796	1648.385337
797	1648.37141
798	1648.356797
799	1648.343702
800	1648.331011
801	1648.318676
802	1648.306539
803	1648.294954
804	1648.283702
805	1648.269878
806	1648.259268
807	1648.248854
808	1648.237328
809	1648.227701
810	1648.216681
811	1648.207495
812	1648.198747
813	1648.190141
814	1648.179106
815	1648.171043
816	1648.163125
817	1648.155472
818	1648.148155
819	1648.140952
820	1648.134023
821	1648.127338
822	1648.119393
823	1648.113022
824	1648.106948
825	1648.100073
826	1648.094297
827	1648.086114
828	1648.080724
829	1648.075496
830	1648.070415
831	1648.065495
832	1648.060732
833	1648.05608
834	1648.05075
835	1648.046346
836	1648.04066
837	1648.036503
838	1648.032422
839	1648.028454
840	1648.024677
841	1648.020941
842	1648.017387
843	1648.01394
844	1648.010521
845	1648.007204
846	1648.004057
847	1648.001004
848	1647.998038
849	1647.995162
850	1647.992009
851	1647.989299
852	1647.986672
853	1647.983321
854	1647.980783
855	1647.978383
856	1647.976051
857	1647.971375
858	1647.964145
859	1647.962018
860	1647.959951
861	1647.957952
862	1647.956002
863	1647.95412
864	1647.952291
865	1647.950512
866	1647.948725
867	1647.947065
868	1647.944717
869	1647.943148
870	1647.939775
871	1647.938012
872	1647.936547
873	1647.935151
874	1647.933265
875	1647.929638
876	1647.928344
877	1647.927123
878	1647.925935
879	1647.924771
880	1647.923646
881	1647.922554
882	1647.921495
883	1647.9204
884	1647.919062
885	1647.918095
886	1647.917154
887	1647.916235
888	1647.915256
889	1647.914269
890	1647.913374
891	1647.912572
892	1647.91179
893	1647.910704
894	1647.909711
895	1647.908876
896	1647.908171
897	1647.907486
898	1647.906648
899	1647.905886
900	1647.905261
901	1647.903855
902	1647.903249
903	1647.90262
904	1647.902056
905	1647.901408
906	1647.900163
907	1647.899641
908	1647.897295
909	1647.896175
910	1647.895088
911	1647.894122
912	1647.89367
913	1647.893237
914	1647.892575
915	1647.892154
916	1647.891736
917	1647.891312
918	1647.890903
919	1647.890305
920	1647.889128
921	1647.888626
922	1647.888292
923	1647.887927
924	1647.887611
925	1647.887289
926	1647.886992
927	1647.886706
928	1647.886427
929	1647.885944
930	1647.885596
931	1647.885357
932	1647.885108
933	1647.884258
934	1647.883985
935	1647.883746
936	1647.883516
937	1647.883092
938	1647.882885
939	1647.882552
940	1647.882355
941	1647.882095
942	1647.881903
943	1647.881702
944	1647.881525
945	1647.881198
946	1647.881023
947	1647.880776
948	1647.880584
949	1647.880348
950	1647.880152
951	1647.880008
952	1647.879279
953	1647.879104
954	1647.878893
955	1647.878763
956	1647.878637
957	1647.878467
958	1647.878152
959	1647.877971
960	1647.877841
961	1647.877736
962	1647.877633
963	1647.877277
964	1647.877107
965	1647.876952
966	1647.876806
967	1647.87672
968	1647.876304
969	1647.874672
970	1647.874593
971	1647.874508
972	1647.874415
973	1647.874343
974	1647.874265
975	1647.872719
976	1647.872645
977	1647.872579
978	1647.872509
979	1647.872437
980	1647.872367
981	1647.872118
982	1647.872016
983	1647.871955
984	1647.870407
985	1647.87017
986	1647.869845
987	1647.869745
988	1647.869625
989	1647.869573
990	1647.86952
991	1647.869401
992	1647.869301
993	1647.869082
994	1647.868869
995	1647.868663
996	1647.867233
997	1647.867019
998	1647.866975
999	1647.866933
