iter	Passed	Remaining
0	11	11216
1	20	10222
2	28	9609
3	38	9508
4	53	10655
5	67	11103
6	75	10730
7	86	10675
8	95	10463
9	102	10109
10	110	9961
11	119	9866
12	128	9772
13	137	9683
14	146	9626
15	155	9569
16	164	9502
17	173	9448
18	181	9387
19	191	9392
20	201	9385
21	210	9341
22	220	9359
23	229	9341
24	237	9259
25	245	9196
26	254	9159
27	262	9106
28	271	9083
29	279	9042
30	286	8969
31	295	8939
32	304	8921
33	313	8897
34	321	8874
35	331	8866
36	339	8848
37	348	8820
38	357	8797
39	366	8797
40	376	8803
41	384	8768
42	396	8831
43	406	8842
44	419	8896
45	429	8898
46	439	8912
47	450	8928
48	459	8913
49	468	8893
50	477	8877
51	486	8875
52	495	8852
53	504	8829
54	512	8810
55	521	8791
56	530	8772
57	538	8752
58	547	8725
59	555	8709
60	565	8702
61	574	8685
62	582	8659
63	590	8642
64	599	8623
65	607	8591
66	615	8572
67	623	8547
68	633	8548
69	641	8525
70	651	8524
71	661	8531
72	671	8529
73	680	8510
74	688	8487
75	699	8503
76	708	8493
77	717	8481
78	726	8469
79	733	8436
80	742	8425
81	751	8410
82	760	8402
83	769	8390
84	778	8377
85	787	8368
86	796	8355
87	804	8336
88	813	8323
89	821	8310
90	829	8287
91	839	8286
92	849	8285
93	861	8300
94	874	8326
95	894	8419
96	907	8446
97	916	8439
98	926	8430
99	935	8420
100	945	8413
101	955	8409
102	963	8394
103	972	8380
104	981	8362
105	990	8354
106	998	8335
107	1007	8323
108	1016	8311
109	1025	8300
110	1035	8290
111	1044	8280
112	1053	8268
113	1062	8255
114	1070	8237
115	1080	8231
116	1089	8222
117	1098	8208
118	1107	8199
119	1116	8186
120	1125	8173
121	1134	8161
122	1144	8162
123	1155	8162
124	1166	8163
125	1177	8165
126	1190	8184
127	1202	8194
128	1214	8201
129	1226	8207
130	1235	8195
131	1250	8224
132	1263	8239
133	1276	8252
134	1291	8272
135	1306	8298
136	1322	8328
137	1332	8325
138	1345	8336
139	1355	8326
140	1365	8316
141	1374	8307
142	1384	8295
143	1397	8307
144	1410	8319
145	1422	8320
146	1432	8312
147	1449	8342
148	1463	8358
149	1474	8353
150	1484	8346
151	1495	8341
152	1506	8340
153	1517	8335
154	1528	8331
155	1538	8324
156	1549	8321
157	1560	8314
158	1570	8306
159	1579	8292
160	1588	8277
161	1597	8264
162	1608	8257
163	1615	8236
164	1626	8229
165	1636	8220
166	1645	8206
167	1655	8199
168	1665	8189
169	1675	8179
170	1683	8162
171	1694	8156
172	1704	8146
173	1713	8133
174	1723	8123
175	1732	8109
176	1741	8098
177	1751	8087
178	1762	8083
179	1772	8075
180	1781	8062
181	1791	8052
182	1800	8040
183	1810	8030
184	1823	8033
185	1832	8020
186	1842	8010
187	1853	8004
188	1863	7994
189	1872	7983
190	1882	7973
191	1892	7963
192	1899	7944
193	1908	7928
194	1917	7917
195	1927	7905
196	1937	7897
197	1946	7885
198	1959	7886
199	1968	7873
200	1977	7862
201	1985	7842
202	1994	7830
203	2002	7813
204	2011	7800
205	2020	7789
206	2029	7776
207	2039	7765
208	2049	7755
209	2058	7742
210	2068	7733
211	2077	7720
212	2086	7709
213	2095	7696
214	2104	7684
215	2113	7672
216	2123	7661
217	2132	7649
218	2141	7636
219	2150	7625
220	2160	7613
221	2169	7604
222	2178	7591
223	2188	7583
224	2198	7572
225	2207	7560
226	2218	7553
227	2227	7541
228	2236	7529
229	2245	7516
230	2253	7502
231	2262	7489
232	2271	7477
233	2280	7463
234	2289	7451
235	2297	7437
236	2306	7424
237	2315	7413
238	2324	7400
239	2333	7388
240	2342	7376
241	2349	7359
242	2358	7345
243	2367	7334
244	2376	7322
245	2384	7309
246	2393	7296
247	2402	7285
248	2411	7273
249	2420	7261
250	2429	7249
251	2438	7237
252	2447	7226
253	2456	7214
254	2464	7201
255	2473	7189
256	2482	7177
257	2491	7165
258	2500	7152
259	2509	7141
260	2517	7128
261	2526	7117
262	2535	7105
263	2547	7101
264	2555	7088
265	2564	7075
266	2572	7063
267	2581	7050
268	2590	7038
269	2598	7026
270	2606	7012
271	2615	7000
272	2625	6991
273	2634	6979
274	2642	6967
275	2651	6956
276	2661	6948
277	2670	6936
278	2680	6927
279	2691	6920
280	2702	6914
281	2715	6914
282	2725	6905
283	2735	6896
284	2744	6885
285	2754	6877
286	2764	6867
287	2778	6867
288	2788	6860
289	2798	6852
290	2809	6844
291	2818	6834
292	2828	6824
293	2837	6814
294	2846	6803
295	2855	6791
296	2865	6781
297	2875	6774
298	2886	6767
299	2896	6759
300	2906	6749
301	2915	6739
302	2925	6729
303	2934	6718
304	2944	6709
305	2953	6698
306	2962	6688
307	2971	6677
308	2981	6667
309	2990	6655
310	2999	6644
311	3008	6634
312	3016	6621
313	3026	6611
314	3033	6597
315	3043	6588
316	3053	6579
317	3064	6573
318	3075	6565
319	3086	6558
320	3097	6551
321	3107	6542
322	3116	6532
323	3126	6523
324	3136	6513
325	3146	6504
326	3156	6495
327	3165	6485
328	3175	6476
329	3186	6470
330	3196	6461
331	3207	6453
332	3216	6441
333	3225	6431
334	3234	6420
335	3244	6411
336	3254	6402
337	3263	6392
338	3272	6381
339	3281	6370
340	3291	6360
341	3300	6350
342	3308	6336
343	3316	6325
344	3326	6315
345	3335	6304
346	3344	6293
347	3353	6283
348	3362	6272
349	3371	6262
350	3381	6251
351	3390	6241
352	3400	6231
353	3409	6222
354	3419	6212
355	3428	6202
356	3440	6196
357	3449	6186
358	3458	6175
359	3467	6164
360	3476	6153
361	3485	6143
362	3494	6132
363	3503	6121
364	3512	6110
365	3520	6099
366	3530	6088
367	3537	6075
368	3546	6064
369	3555	6054
370	3564	6043
371	3571	6029
372	3580	6018
373	3589	6008
374	3598	5997
375	3608	5987
376	3615	5974
377	3624	5963
378	3634	5955
379	3643	5945
380	3652	5934
381	3661	5924
382	3670	5913
383	3679	5903
384	3688	5892
385	3697	5881
386	3706	5871
387	3715	5860
388	3724	5849
389	3732	5838
390	3741	5827
391	3750	5817
392	3757	5803
393	3766	5793
394	3777	5786
395	3786	5775
396	3795	5764
397	3806	5757
398	3815	5747
399	3824	5736
400	3833	5726
401	3842	5715
402	3852	5707
403	3861	5696
404	3870	5686
405	3879	5676
406	3888	5665
407	3897	5655
408	3906	5644
409	3915	5634
410	3924	5624
411	3933	5613
412	3941	5602
413	3953	5595
414	3961	5583
415	3970	5573
416	3977	5560
417	3986	5550
418	3993	5538
419	4002	5527
420	4012	5517
421	4022	5508
422	4031	5498
423	4040	5488
424	4049	5479
425	4058	5468
426	4068	5459
427	4075	5446
428	4084	5436
429	4093	5426
430	4102	5416
431	4111	5406
432	4120	5395
433	4129	5385
434	4138	5375
435	4147	5364
436	4155	5354
437	4164	5343
438	4176	5337
439	4186	5328
440	4195	5317
441	4205	5309
442	4214	5299
443	4222	5288
444	4232	5278
445	4241	5268
446	4251	5259
447	4260	5249
448	4269	5239
449	4278	5228
450	4287	5219
451	4296	5208
452	4305	5198
453	4314	5188
454	4323	5178
455	4332	5168
456	4340	5157
457	4349	5147
458	4368	5149
459	4379	5140
460	4399	5143
461	4410	5136
462	4422	5129
463	4434	5122
464	4444	5114
465	4454	5104
466	4463	5094
467	4471	5082
468	4480	5073
469	4490	5064
470	4500	5055
471	4510	5045
472	4520	5036
473	4529	5025
474	4538	5015
475	4546	5005
476	4555	4994
477	4564	4984
478	4573	4974
479	4584	4966
480	4594	4957
481	4603	4947
482	4614	4939
483	4625	4931
484	4640	4927
485	4649	4917
486	4659	4908
487	4682	4912
488	4691	4902
489	4701	4893
490	4710	4883
491	4719	4873
492	4728	4863
493	4738	4853
494	4746	4842
495	4755	4832
496	4765	4822
497	4774	4812
498	4783	4802
499	4793	4793
500	4803	4784
501	4813	4775
502	4822	4765
503	4831	4755
504	4841	4745
505	4851	4735
506	4860	4726
507	4869	4716
508	4879	4706
509	4887	4696
510	4897	4686
511	4906	4676
512	4915	4666
513	4925	4656
514	4937	4650
515	4946	4639
516	4955	4629
517	4964	4619
518	4973	4609
519	4982	4598
520	4991	4588
521	5000	4578
522	5009	4568
523	5018	4558
524	5026	4548
525	5036	4538
526	5045	4528
527	5054	4518
528	5063	4508
529	5073	4499
530	5083	4489
531	5092	4480
532	5102	4471
533	5113	4461
534	5123	4453
535	5134	4444
536	5148	4439
537	5160	4431
538	5170	4422
539	5180	4412
540	5189	4403
541	5199	4393
542	5208	4383
543	5217	4373
544	5227	4363
545	5237	4354
546	5245	4344
547	5255	4334
548	5264	4324
549	5273	4314
550	5282	4304
551	5291	4294
552	5300	4284
553	5312	4276
554	5322	4267
555	5330	4257
556	5340	4247
557	5351	4238
558	5360	4228
559	5369	4218
560	5378	4208
561	5387	4198
562	5396	4188
563	5405	4178
564	5414	4168
565	5423	4158
566	5433	4149
567	5442	4139
568	5452	4129
569	5461	4119
570	5470	4110
571	5483	4102
572	5492	4092
573	5501	4083
574	5511	4073
575	5520	4063
576	5529	4053
577	5538	4043
578	5548	4034
579	5557	4024
580	5566	4014
581	5575	4004
582	5585	3995
583	5594	3985
584	5604	3975
585	5616	3967
586	5625	3958
587	5634	3948
588	5644	3938
589	5656	3930
590	5665	3920
591	5675	3911
592	5684	3901
593	5693	3891
594	5703	3882
595	5712	3872
596	5722	3862
597	5731	3853
598	5740	3843
599	5750	3833
600	5759	3823
601	5768	3813
602	5777	3804
603	5787	3794
604	5796	3784
605	5805	3774
606	5814	3764
607	5824	3755
608	5835	3746
609	5845	3737
610	5856	3728
611	5866	3719
612	5878	3711
613	5889	3702
614	5898	3692
615	5908	3683
616	5919	3674
617	5929	3665
618	5939	3656
619	5951	3647
620	5961	3638
621	5970	3628
622	5981	3619
623	5991	3610
624	6001	3600
625	6010	3591
626	6020	3581
627	6030	3572
628	6040	3562
629	6049	3553
630	6059	3543
631	6069	3534
632	6079	3524
633	6088	3515
634	6098	3505
635	6108	3496
636	6118	3486
637	6128	3477
638	6138	3467
639	6147	3458
640	6157	3448
641	6168	3439
642	6178	3430
643	6187	3420
644	6203	3414
645	6213	3405
646	6223	3395
647	6233	3385
648	6242	3376
649	6252	3366
650	6261	3356
651	6271	3347
652	6280	3337
653	6290	3327
654	6300	3318
655	6309	3308
656	6319	3298
657	6329	3289
658	6341	3281
659	6441	3318
660	6488	3327
661	6505	3321
662	6521	3314
663	6543	3311
664	6565	3307
665	6591	3305
666	6608	3299
667	6634	3297
668	6648	3289
669	6662	3281
670	6680	3275
671	6694	3267
672	6706	3258
673	6728	3254
674	6739	3245
675	6750	3235
676	6761	3226
677	6773	3216
678	6785	3207
679	6795	3197
680	6805	3187
681	6816	3178
682	6825	3168
683	6836	3158
684	6846	3148
685	6857	3138
686	6867	3128
687	6877	3118
688	6887	3108
689	6897	3098
690	6907	3088
691	6918	3079
692	6929	3069
693	6943	3061
694	6953	3051
695	6963	3041
696	6974	3031
697	6985	3022
698	6997	3013
699	7007	3003
700	7017	2993
701	7026	2982
702	7036	2972
703	7046	2962
704	7057	2952
705	7067	2943
706	7077	2933
707	7087	2922
708	7097	2913
709	7109	2904
710	7120	2894
711	7131	2884
712	7146	2876
713	7159	2867
714	7183	2863
715	7197	2854
716	7208	2845
717	7219	2835
718	7229	2825
719	7239	2815
720	7249	2805
721	7258	2794
722	7277	2788
723	7295	2781
724	7306	2771
725	7315	2760
726	7325	2750
727	7334	2740
728	7344	2730
729	7354	2720
730	7363	2709
731	7373	2699
732	7382	2689
733	7393	2679
734	7403	2669
735	7413	2659
736	7423	2649
737	7433	2639
738	7443	2628
739	7456	2619
740	7465	2609
741	7475	2599
742	7486	2589
743	7496	2579
744	7506	2569
745	7516	2559
746	7527	2549
747	7539	2540
748	7549	2529
749	7559	2519
750	7569	2509
751	7579	2499
752	7592	2490
753	7604	2480
754	7615	2471
755	7627	2461
756	7638	2451
757	7648	2441
758	7662	2432
759	7675	2423
760	7685	2413
761	7696	2404
762	7710	2395
763	7722	2385
764	7733	2375
765	7746	2366
766	7757	2356
767	7768	2346
768	7778	2336
769	7789	2326
770	7799	2316
771	7809	2306
772	7819	2296
773	7829	2286
774	7838	2275
775	7848	2265
776	7857	2255
777	7866	2244
778	7875	2234
779	7885	2224
780	7895	2213
781	7904	2203
782	7914	2193
783	7924	2183
784	7933	2172
785	7943	2162
786	7953	2152
787	7962	2142
788	7972	2132
789	7981	2121
790	7990	2111
791	8000	2101
792	8009	2090
793	8019	2080
794	8029	2070
795	8038	2060
796	8048	2050
797	8057	2039
798	8066	2029
799	8076	2019
800	8085	2008
801	8094	1998
802	8103	1988
803	8113	1977
804	8122	1967
805	8131	1957
806	8141	1947
807	8151	1936
808	8160	1926
809	8169	1916
810	8178	1906
811	8187	1895
812	8196	1885
813	8206	1875
814	8215	1864
815	8224	1854
816	8233	1844
817	8243	1834
818	8252	1823
819	8261	1813
820	8270	1803
821	8279	1792
822	8288	1782
823	8297	1772
824	8305	1761
825	8329	1754
826	8346	1746
827	8358	1736
828	8369	1726
829	8379	1716
830	8390	1706
831	8418	1699
832	8430	1690
833	8440	1680
834	8450	1669
835	8459	1659
836	8469	1649
837	8478	1639
838	8488	1628
839	8497	1618
840	8507	1608
841	8516	1598
842	8526	1587
843	8535	1577
844	8545	1567
845	8555	1557
846	8564	1547
847	8574	1536
848	8583	1526
849	8593	1516
850	8603	1506
851	8613	1496
852	8622	1486
853	8633	1475
854	8643	1465
855	8655	1456
856	8665	1445
857	8675	1435
858	8684	1425
859	8694	1415
860	8703	1405
861	8713	1394
862	8723	1384
863	8732	1374
864	8742	1364
865	8751	1354
866	8760	1343
867	8771	1333
868	8781	1323
869	8790	1313
870	8800	1303
871	8810	1293
872	8819	1283
873	8828	1272
874	8838	1262
875	8847	1252
876	8856	1242
877	8865	1231
878	8875	1221
879	8884	1211
880	8894	1201
881	8903	1191
882	8913	1180
883	8922	1170
884	8931	1160
885	8941	1150
886	8950	1140
887	8959	1130
888	8968	1119
889	8977	1109
890	8986	1099
891	8996	1089
892	9005	1079
893	9014	1068
894	9023	1058
895	9032	1048
896	9041	1038
897	9051	1028
898	9060	1017
899	9070	1007
900	9080	997
901	9090	987
902	9100	977
903	9111	967
904	9122	957
905	9134	947
906	9146	937
907	9163	928
908	9179	918
909	9193	909
910	9207	899
911	9219	889
912	9230	879
913	9241	869
914	9253	859
915	9263	849
916	9274	839
917	9285	829
918	9296	819
919	9306	809
920	9320	799
921	9330	789
922	9340	779
923	9350	769
924	9360	758
925	9370	748
926	9380	738
927	9390	728
928	9401	718
929	9411	708
930	9421	698
931	9430	688
932	9441	678
933	9452	667
934	9462	657
935	9473	647
936	9484	637
937	9494	627
938	9503	617
939	9513	607
940	9522	597
941	9531	586
942	9540	576
943	9549	566
944	9561	556
945	9570	546
946	9579	536
947	9589	525
948	9598	515
949	9608	505
950	9617	495
951	9626	485
952	9636	475
953	9645	465
954	9657	455
955	9668	444
956	9678	434
957	9687	424
958	9696	414
959	9706	404
960	9715	394
961	9724	384
962	9735	374
963	9744	363
964	9754	353
965	9763	343
966	9772	333
967	9782	323
968	9794	313
969	9803	303
970	9813	293
971	9822	282
972	9831	272
973	9841	262
974	9851	252
975	9871	242
976	9886	232
977	9899	222
978	9911	212
979	9923	202
980	9933	192
981	9943	182
982	9955	172
983	9965	162
984	9975	151
985	9984	141
986	9993	131
987	10002	121
988	10018	111
989	10097	101
990	10128	91
991	10142	81
992	10168	71
993	10196	61
994	10210	51
995	10225	41
996	10240	30
997	10254	20
998	10268	10
999	10292	0
